{
    "loss": 33.76982879638672,
    "dense_loss": 4.142226696014404,
    "dense_1_loss": 2.3611974716186523,
    "dense_2_loss": 1.8071781396865845,
    "dense_3_loss": 1.3321294784545898,
    "dense_4_loss": 1.1159412860870361,
    "dense_5_loss": 0.9903025031089783,
    "dense_6_loss": 1.3149865865707397,
    "dense_7_loss": 1.007594108581543,
    "dense_8_loss": 1.0344339609146118,
    "dense_9_loss": 1.0939253568649292,
    "dense_10_loss": 0.9611566662788391,
    "dense_11_loss": 0.9510509967803955,
    "dense_12_loss": 0.934249997138977,
    "dense_13_loss": 0.8988689184188843,
    "dense_14_loss": 0.8773658275604248,
    "dense_15_loss": 0.9369894862174988,
    "dense_16_loss": 1.1488324403762817,
    "dense_17_loss": 1.0434247255325317,
    "dense_18_loss": 0.8384588360786438,
    "dense_19_loss": 1.1234185695648193,
    "dense_20_loss": 0.7671534419059753,
    "dense_21_loss": 0.8798030614852905,
    "dense_22_loss": 0.934786856174469,
    "dense_23_loss": 0.8866430521011353,
    "dense_24_loss": 0.9381527304649353,
    "dense_25_loss": 0.893875777721405,
    "dense_26_loss": 0.9121151566505432,
    "dense_27_loss": 0.9539571404457092,
    "dense_28_loss": 0.6896089911460876,
    "dense_29_loss": 0.0,
    "dense_accuracy": 0.17142857611179352,
    "dense_1_accuracy": 0.4285714328289032,
    "dense_2_accuracy": 0.6428571343421936,
    "dense_3_accuracy": 0.699999988079071,
    "dense_4_accuracy": 0.7428571581840515,
    "dense_5_accuracy": 0.7857142686843872,
    "dense_6_accuracy": 0.7428571581840515,
    "dense_7_accuracy": 0.7285714149475098,
    "dense_8_accuracy": 0.7428571581840515,
    "dense_9_accuracy": 0.7571428418159485,
    "dense_10_accuracy": 0.8428571224212646,
    "dense_11_accuracy": 0.8142856955528259,
    "dense_12_accuracy": 0.8142856955528259,
    "dense_13_accuracy": 0.8285714387893677,
    "dense_14_accuracy": 0.8428571224212646,
    "dense_15_accuracy": 0.7857142686843872,
    "dense_16_accuracy": 0.7857142686843872,
    "dense_17_accuracy": 0.800000011920929,
    "dense_18_accuracy": 0.8714285492897034,
    "dense_19_accuracy": 0.8142856955528259,
    "dense_20_accuracy": 0.8857142925262451,
    "dense_21_accuracy": 0.8571428656578064,
    "dense_22_accuracy": 0.8428571224212646,
    "dense_23_accuracy": 0.8571428656578064,
    "dense_24_accuracy": 0.8285714387893677,
    "dense_25_accuracy": 0.8285714387893677,
    "dense_26_accuracy": 0.800000011920929,
    "dense_27_accuracy": 0.8571428656578064,
    "dense_28_accuracy": 0.9428571462631226,
    "dense_29_accuracy": 0.0
}